AblakNev;GombNev;Tulajdonsag;Ertek;MelyikElem;EgyKettőHárom
Ablak_alap_program_egyéb;SAPRögzít;Enabled;true;15;1
Ablak_alap_program_egyéb;SAPTöröl;Enabled;true;15;1
Ablak_alap_program_egyéb;OsztályRögzít;Enabled;true;15;2
Ablak_alap_program_egyéb;Tak_Ár_rögzítés;Enabled;true;15;3
Ablak_alap_program_egyéb;Button4;Enabled;true;15;3
Ablak_alap_program_egyéb;Mátrix_rögzít;Enabled;true;15;3
Ablak_alap_program_egyéb;Adatok_beolvasása;Enabled;true;15;3
Ablak_alap_program_kiadás;Button2;Enabled;true;2;1
Ablak_alap_program_kiadás;Button3;Enabled;true;2;1
Ablak_alap_program_kiadás;BtnMentésihely;Enabled;true;2;1
Ablak_alap_program_kiadás;Btnfőkönyv;Enabled;true;2;1
Ablak_alap_program_kiadás;BtnHibatervTöröl;Enabled;true;2;1
Ablak_alap_program_kiadás;BtnHibatervÚj;Enabled;true;2;1
Ablak_alap_program_kiadás;BtnHibatervFel;Enabled;true;2;1
Ablak_alap_program_kiadás;BtnHibatervRögzít;Enabled;true;2;1
Ablak_alap_program_kiadás;BtnForteTípusTörlés;Enabled;true;2;1
Ablak_alap_program_kiadás;BtnForteTípusRögzítés;Enabled;true;2;1
Ablak_alap_program_kiadás;BtnForte;Enabled;true;2;1
Ablak_alap_program_kiadás;BtnSAPmunkahely;Enabled;true;2;1
Ablak_alap_program_kiadás;BtnE3TípusOK;Enabled;true;2;1
Ablak_alap_program_kiadás;BtnE3TípusTöröl;Enabled;true;2;1
Ablak_alap_program_kiadás;BtnTAKtípusOK;Enabled;true;2;1
Ablak_alap_program_kiadás;BtnTAKtípusTöröl;Enabled;true;2;1
Ablak_alap_program_kiadás;BtnTíputlétFel;Enabled;true;2;1
Ablak_alap_program_kiadás;BtnTíputléttöröl;Enabled;true;2;1
Ablak_alap_program_kiadás;BtnTíputlétOK;Enabled;true;2;1
Ablak_alap_program_kiadás;BtnIszolgálat;Enabled;true;3;1
Ablak_alap_program_kiadás;BtnIIszolgálat;Enabled;true;3;2
Ablak_alap_program_kiadás;BtnIIIszolgálat;Enabled;true;3;3
Ablak_alap_program_kiadás;BtnIszolgálat;Enabled;true;4;1
Ablak_alap_program_kiadás;BtnMreggel;Enabled;true;4;1
Ablak_alap_program_kiadás;BtnMdélután;Enabled;true;4;1
Ablak_alap_program_kiadás;BtnMeste;Enabled;true;4;1
Ablak_alap_program_kiadás;BtnHreggel;Enabled;true;4;1
Ablak_alap_program_kiadás;BtnHdélután;Enabled;true;4;1
Ablak_alap_program_kiadás;BtnHeste;Enabled;true;4;1
Ablak_alap_program_kiadás;Korrekció_kiadási_rögzít;Enabled;true;4;1
Ablak_alap_program_kiadás;BtnForteVonaltöröl;Enabled;true;4;1
Ablak_alap_program_kiadás;BtnForteVonalOk;Enabled;true;4;1
Ablak_alap_program_kiadás;BtnReklámméretTöröl;Enabled;true;4;1
Ablak_alap_program_kiadás;BtnReklámméretOk;Enabled;true;4;1
Ablak_alap_program_kiadás;BtnFőkategóriaOK;Enabled;true;4;1
Ablak_alap_program_kiadás;BtnFőkategóriaTöröl;Enabled;true;4;1
Ablak_alap_program_kiadás;BtnFőkategóriaFel;Enabled;true;4;1
Ablak_alap_program_kiadás;BtnSzolgálatOK;Enabled;true;4;1
Ablak_alap_program_kiadás;BtnSzolgálatTöröl;Enabled;true;4;1
Ablak_alap_program_kiadás;BtnSzolgálatFel;Enabled;true;4;1
Ablak_alap_program_kiadás;BtnTelephelyekOK;Enabled;true;4;1
Ablak_alap_program_kiadás;BtnTelephelyekTöröl;Enabled;true;4;1
Ablak_alap_program_kiadás;BtnTelephelyekFel;Enabled;true;4;1
Ablak_alap_program_kiadás;BtnSzolgtelepOK;Enabled;true;4;1
Ablak_alap_program_kiadás;BtnSzolgtelepTöröl;Enabled;true;4;1
Ablak_alap_program_kiadás;BtnSzolgtelepFel;Enabled;true;4;1
Ablak_alap_program_kiadás;BtnTípusAltípusOK;Enabled;true;4;1
Ablak_alap_program_kiadás;BtnTípusAltípusTöröl;Enabled;true;4;1
Ablak_alap_program_kiadás;BtnTípusAltípusFel;Enabled;true;4;1
Ablak_alap_program_kiadás;BtnFőforteOK;Enabled;true;4;1
Ablak_alap_program_kiadás;BtnFőforteTöröl;Enabled;true;4;1
Ablak_alap_program_kiadás;BtnKapcsolatOK;Enabled;true;4;1
Ablak_alap_program_kiadás;BtnKapcsolatTöröl;Enabled;true;4;1
Ablak_alap_program_kiadás;BtnKapcsolatFel;Enabled;true;4;1
Ablak_alap_program_kiadás;Telep_Rögzít;Enabled;true;4;1
Ablak_alap_program_kiadás;Telep_Töröl;Enabled;true;4;1
Ablak_alap_program_kiadás;BtnIIszolgálat;Enabled;true;4;2
Ablak_alap_program_kiadás;BtnIIIszolgálat;Enabled;true;4;3
Ablak_alap_program_személy;BtnOktatásFel;Enabled;true;5;1
Ablak_alap_program_személy;BtnOktatásOK;Enabled;true;5;1
Ablak_alap_program_személy;BtnOktatásÚj;Enabled;true;5;1
Ablak_alap_program_személy;FrissítMunkakör;Enabled;true;5;2
Ablak_alap_program_személy;Command1;Enabled;true;5;2
Ablak_alap_program_személy;Command4;Enabled;true;5;2
Ablak_alap_program_személy;Feortörlés;Enabled;true;5;2
Ablak_alap_program_személy;Feljebb;Enabled;true;5;2
Ablak_alap_program_személy;Command5;Enabled;true;5;3
Ablak_alap_program_személy;Command3;Enabled;true;6;1
Ablak_alap_program_személy;Command9;Enabled;true;6;2
Ablak_alap_program_személy;Munka_Rögzít;Enabled;true;6;3
Ablak_alap_program_személy;Védő_rögzít;Enabled;true;8;1
Ablak_alap_program_személy;Gond_rögzít;Enabled;true;8;2
Ablak_alap_program_személy;Gond_töröl;Enabled;true;8;2
Ablak_Ciklus;Töröl;Enabled;true;7;1
Ablak_Ciklus;Rögzít;Enabled;true;7;1
Ablak_Ciklus;CsoportosMásolás;Enabled;true;7;1
Ablak_Ciklus;CiklusSorrend;Enabled;true;7;1
Ablak_technológia;Beviteli_táblakészítés;Enabled;true;16;1
Ablak_technológia;Adatok_beolvasása;Enabled;true;16;1
Ablak_technológia;Adat_Módosítás;Enabled;true;16;1
Ablak_technológia;Sor_beszúrás;Enabled;true;16;1
Ablak_technológia;Sor_törlés;Enabled;true;16;1
Ablak_technológia;CsoportosBefejezés;Enabled;true;16;1
Ablak_technológia;Típus_Rögzítés;Enabled;true;16;2
Ablak_technológia;Ciklus_rögzít;Enabled;true;16;2
Ablak_technológia;Ciklus_Törlés;Enabled;true;16;2
Ablak_technológia;Kivétel_Rögzít;Enabled;true;16;2
Ablak_technológia;Kivétel_töröl;Enabled;true;16;2
Ablak_technológia;Típusok_rögzítése;Enabled;true;16;2
Ablak_technológia;Törlés_JTípus;Enabled;true;16;2
Ablak_Váltós;Tábla_BeoKód_Új;Enabled;true;11;1
Ablak_Váltós;Tábla_BeoKód_OK;Enabled;true;11;1
Ablak_Váltós;Tábla_BeoKód_Töröl;Enabled;true;11;1
Ablak_Váltós;Tábla_Keret_Új;Enabled;true;11;2
Ablak_Váltós;Tábla_Keret_OK;Enabled;true;11;2
Ablak_Váltós;Tábla_Keret_Töröl;Enabled;true;11;2
Ablak_Váltós;Éves_Töröl;Enabled;true;11;3
Ablak_Váltós;Éves_Új;Enabled;true;11;3
Ablak_Váltós;Éves_Ok;Enabled;true;11;3
Ablak_Váltós;Éves_Generál;Enabled;true;11;3
Ablak_Váltós;Turnus_Ok;Enabled;true;12;1
Ablak_Váltós;Turnus_Töröl;Enabled;true;12;1
Ablak_Váltós;Csoport_OK;Enabled;true;12;1
Ablak_Váltós;Csoport_Töröl;Enabled;true;12;1
Ablak_Váltós;MunkaRend_OK;Enabled;true;12;1
Ablak_Váltós;MunkaRend_Töröl;Enabled;true;12;1
Ablak_Váltós;Panel4;Enabled;true;12;2
Ablak_Váltós;Nappal_Ok;Enabled;false;12;2
Ablak_Váltós;Panel5;Enabled;true;12;3
Ablak_Váltós;Command30;Enabled;false;12;3
Ablak_Váltós;Elvont_OK;Enabled;true;13;1
Ablak_Váltós;Elvont_Új;Enabled;true;13;1
Ablak_Váltós;Elvont_Töröl;Enabled;true;13;1
Ablak_Váltós;Elvont_Generált;Enabled;true;13;1
Ablak_Váltós;VáltMunka_Töröl;Enabled;true;13;2
Ablak_Váltós;VáltMunka_Feljebb;Enabled;true;13;2
Ablak_Váltós;VáltMunka_OK;Enabled;true;13;2
Ablak_Váltós;VáltMunka_Új;Enabled;true;13;2
Ablak_Váltós;CsopVez_Töröl;Enabled;true;13;3
Ablak_Váltós;CsopVez_Ok;Enabled;true;13;3
Ablak_Váltós;Éjszaka_ÚJ;Enabled;true;14;1
Ablak_Váltós;Éjszaka_Ok;Enabled;true;14;1
Ablak_Váltós;Éjszaka_Feljebb;Enabled;true;14;1
Ablak_Váltós;Éjszaka_Töröl;Enabled;true;14;1
A_Felhasználó;BtnÚjdolgozó;Visible;true;1;1
A_Felhasználó;BtnDolgozótörlés;Visible;true;1;1
A_Felhasználó;BtnÚjjelszó;Visible;true;1;1
A_Felhasználó;BtnJogosultság;Visible;true;1;1
A_Felhasználó;BtnVendég;Visible;true;1;1
A_Felhasználó;Btnalapjogosultság;Visible;true;1;1
Ablak_Utasítás;btnOlvasva;Enabled;true;202;1
Ablak_Utasítás;btnVisszavon;Enabled;true;203;2
Ablak_Utasítás_Generálás;Btnrögzítés;Visible;true;203;1
Ablak_üzenet;BtnOlvasva;Visible;true;200;1
Ablak_Üzenet_Generálás;Btnrögzítés;Visible;true;200;1
Ablak_Dolgozóialapadatok;Button4;Enabled;true;66;1
Ablak_Dolgozóialapadatok;Jogosítványmódosít;Enabled;true;66;2
Ablak_Dolgozóialapadatok;Típusrögzítés;Enabled;true;66;2
Ablak_Dolgozóialapadatok;Típustörlés;Enabled;true;66;2
Ablak_Dolgozóialapadatok;Jogterületrögzítés;Enabled;true;66;2
Ablak_Dolgozóialapadatok;Jogterülettörlés;Enabled;true;66;2
Ablak_Dolgozóialapadatok;Munkakörmódosít;Enabled;true;66;3
Ablak_Dolgozóialapadatok;BtnPDFsave;Enabled;true;66;3
Ablak_Dolgozóialapadatok;Munkakör_Töröl;Enabled;true;66;3
Ablak_Dolgozóialapadatok;Bérrögzítés;Enabled;true;67;1
Ablak_Dolgozóialapadatok;Button2;Enabled;true;67;2
Ablak_DolgozóiLekérdezések;Váltmódosítás;Visible;true;64;1
Ablak_DolgozóiLekérdezések;Újváltozat;Visible;true;64;1
Ablak_Felvétel;BtnÚj;Enabled;true;69;1
Ablak_Felvétel;Command7;Enabled;true;69;1
Ablak_Felvétel;Csoportmódosítás;Enabled;true;69;1
Ablak_Felvétel;Command2;Enabled;true;69;2
Ablak_Felvétel;Button1;Enabled;true;69;2
Ablak_Felvétel;Command4;Enabled;true;69;3
Ablak_Felvétel;BtnÚj;Visible;true;69;3
Ablak_Felvétel;Command7;Visible;true;69;3
Ablak_Felvétel;Csoportmódosítás;Visible;true;69;3
Ablak_Felvétel;Command2;Visible;true;69;3
Ablak_Felvétel;Button1;Visible;true;69;3
Ablak_Létszámgazdálkodás;Kilépő;Enabled;true;75;1
Ablak_Létszámgazdálkodás;Belépő;Enabled;true;75;1
Ablak_Létszámgazdálkodás;Status;Enabled;true;75;1
Ablak_Létszámgazdálkodás;Kilépőfull;Visible;false;75;1
Ablak_Létszámgazdálkodás;BelépőFull;Visible;false;75;1
Ablak_Létszámgazdálkodás;StatusFull;Visible;false;75;1
Ablak_Létszámgazdálkodás;Áthelyez;Enabled;true;75;1
Ablak_Létszámgazdálkodás;Kilépő;Visible;false;75;2
Ablak_Létszámgazdálkodás;Belépő;Visible;false;75;2
Ablak_Létszámgazdálkodás;Status;Visible;false;75;2
Ablak_Létszámgazdálkodás;Kilépőfull;Enabled;true;75;2
Ablak_Létszámgazdálkodás;BelépőFull;Enabled;true;75;2
Ablak_Létszámgazdálkodás;StatusFull;Enabled;true;75;2
Ablak_Létszámgazdálkodás;Kilépőfull;Visible;true;75;2
Ablak_Létszámgazdálkodás;BelépőFull;Visible;true;75;2
Ablak_Létszámgazdálkodás;StatusFull;Visible;true;75;2
Ablak_Létszámgazdálkodás;StátusMódosítás;Enabled;true;75;2
Ablak_Létszámgazdálkodás;Áthelyez;Enabled;true;75;2
Ablak_Létszámgazdálkodás;Új_Státus;Enabled;true;75;3
Ablak_Létszámgazdálkodás;Command4;Enabled;true;75;3
Ablak_Oktatások;BtnElrendelés;Enabled;true;64;1
Ablak_Oktatások;Kötelezésmód;Enabled;true;64;2
Ablak_Oktatások;TörölKötelezés;Enabled;true;64;2
Ablak_Oktatások;BtnJelenléti;Enabled;true;64;3
Ablak_Oktatások;BtnAdminMentés;Enabled;true;64;3
Ablak_Oktatások;BtnPDFsave;Enabled;true;65;1
Ablak_Oktatások;BtnNaplózásEredményTöröl;Enabled;true;65;2
Ablak_Túlóra_Figyelés;Rögzítés;Enabled;true;78;1
Ablak_Beosztás;Múlt;Visible;true;22;1
Ablak_Beosztás;Jelen;Visible;true;22;2
Ablak_Beosztás;Jövő;Visible;true;22;3
Ablak_Beosztás;Excel_gomb;Visible;true;27;1
Ablak_Beosztás;Váltós;Visible;true;27;2
Ablak_Beosztás;Előzmény;Visible;true;27;3
Ablak_Beosztás;Adatok_egyeztetése;Visible;true;28;1
Ablak_Beosztás;Gomb_nappalos;Visible;true;28;2
Ablak_Beosztás_kieg;TúlóraRögzítés;Enabled;true;23;1
Ablak_Beosztás_kieg;Túlóratörlés;Enabled;true;23;2
Ablak_Beosztás_kieg;CsúsztatásRögzítés;Enabled;true;24;1
Ablak_Beosztás_kieg;CsúsztatásTörlés;Enabled;true;24;2
Ablak_Beosztás_kieg;SzabadságRögzítés;Enabled;true;25;1
Ablak_Beosztás_kieg;MegjegyzésRögzítés;Enabled;true;25;2
Ablak_Beosztás_kieg;AftRögzítés;Enabled;true;26;1
Ablak_Beosztás_kieg;AftTörlés;Enabled;true;26;2
Ablak_Karbantartás_Csoport;Csoport_rögzít;Enabled;true;170;1
Ablak_Karbantartás_Csoport;Csoport_Töröl;Enabled;true;170;1
Ablak_Munkalap_admin;RendelésRögzít;Enabled;true;80;1
Ablak_Munkalap_admin;ÚjRögzítés;Enabled;true;80;1
Ablak_Munkalap_admin;MunkafolyamatTörlés;Enabled;true;80;1
Ablak_Munkalap_admin;Visszavon;Enabled;true;80;1
Ablak_Munkalap_admin;Cseregomb;Enabled;true;80;2
Ablak_Munkalap_admin;Karbantartás;Enabled;true;80;3
Ablak_Munkalap_admin;Button1;Enabled;true;81;1
Ablak_Munkalap_admin;Button2;Enabled;true;81;1
Ablak_Munkalap_admin;Button3;Enabled;true;81;1
Ablak_Munkalap_admin;Button4;Enabled;true;81;1
Ablak_Munkalap_admin;FejlécRögzít;Enabled;true;82;1
Ablak_munkalap_dekádoló;Rögzítés;Enabled;true;86;1
Ablak_munkalap_dekádoló;Button2;Enabled;true;86;2
Ablak_munkalap_dekádoló;Command14;Enabled;true;86;3
Ablak_munkalap_dekádoló;Command4;Enabled;true;87;1
Ablak_munkalap_dekádoló;Változattörlés;Enabled;true;87;2
Ablak_munkalap_dekádoló;Feljebb;Enabled;true;87;3
Ablak_munkalap_dekádoló;Command2;Enabled;true;88;1
Ablak_munkalap_dekádoló;Command;Enabled;true;88;2
Ablak_munkalap_dekádoló;Command3;Enabled;true;88;3
Ablak_Szatube;SzabNyomtatás;Visible;true;61;1
Ablak_Szatube;SzabLeadás;Visible;true;61;1
Ablak_Szatube;Éves_Összesítő;Visible;true;61;2
Ablak_Szatube;Szab_Rögzít;Visible;true;61;2
Ablak_Szatube;SzabNyilat;Visible;true;61;3
Ablak_Szatube;Túl_Eng_Beáll;Visible;true;62;1
Ablak_Szatube;EgyéniTúlNyom;Visible;true;62;2
Ablak_Szatube;TúlCsopNyom;Visible;true;62;2
Ablak_Szatube;CmbTelephely;Visible;true;63;1
Ablak_Akkumulátor;Btnakurögzít;Enabled;true;190;1
Ablak_Akkumulátor;btnrögzítés;Enabled;true;190;2
Ablak_Akkumulátor;CmbTelephely;Enabled;true;190;3
Ablak_Akkumulátor;Beépít;Enabled;true;191;1
Ablak_Akkumulátor;Kiépít;Enabled;true;191;1
Ablak_Akkumulátor;SelejtElő;Enabled;true;191;1
Ablak_Akkumulátor;Törölt;Enabled;true;191;1
Ablak_Akkumulátor;Leselejtezett;Enabled;true;191;1
Ablak_Akkumulátor;Használt;Enabled;true;191;1
Ablak_Akkumulátor;TelephelyEllenőr;Enabled;true;191;2
Ablak_reklám;Rögzít;Enabled;true;89;1
Ablak_reklám;Utasítás;Enabled;true;89;1
Ablak_reklám;Törlés;Enabled;true;89;2
Ablak_reklám;Command3;Enabled;true;89;3
Ablak_SAP_osztály;SAP_Betölt;Visible;true;189;1
Ablak_Eszterga_Adatok_Baross;Beolvassa;Enabled;true;168;1
Ablak_Eszterga_Segéd;Terv_Rögzít;Enabled;true;165;1
Ablak_Eszterga_Segéd;Töröl;Enabled;true;165;1
Ablak_KerékEszterga_Ütemezés;Elkészült;Enabled;true;165;1
Ablak_KerékEszterga_Ütemezés;Visszaállítás;Enabled;true;165;1
Ablak_KerékEszterga_Ütemezés;Törölt;Enabled;true;165;2
Ablak_KerékEszterga_Ütemezés;BeosztásAdatok;Enabled;true;165;3
Ablak_KerékEszterga_Ütemezés;Esztergályosok;Enabled;true;165;3
Ablak_KerékEszterga_Ütemezés;Választék_Lista;Enabled;true;166;1
Ablak_KerékEszterga_Ütemezés;Terjesztési;Enabled;true;166;2
Ablak_KerékEszterga_Ütemezés;Heti_terv_küldés;Enabled;true;166;2
Ablak_KerékEszterga_Ütemezés;Heti_jelentés;Enabled;true;166;2
Ablak_keréknyilvántartás;BtnSAP;Enabled;true;186;1
Ablak_keréknyilvántartás;Panel5;Enabled;true;186;3
Ablak_keréknyilvántartás;Rögzítrögzít;Enabled;true;187;1
Ablak_keréknyilvántartás;GyűjtőRögzítés;Enabled;true;187;1
Ablak_keréknyilvántartás;Command3;Enabled;true;187;1
Ablak_keréknyilvántartás;Command6;Enabled;true;187;1
Ablak_keréknyilvántartás;Command10;Enabled;true;187;2
Ablak_keréknyilvántartás;Command8;Enabled;true;187;2
Ablak_keréknyilvántartás;Command7;Enabled;true;187;2
Ablak_MEO_kerék;Töröl;Enabled;true;180;1
Ablak_MEO_kerék;Rögzít;Enabled;true;180;1
Ablak_MEO_kerék;Btn_Jog_Torles;Enabled;true;180;2
Ablak_MEO_kerék;Btn_Jog_Tipus_Rogzit;Enabled;true;180;2
Ablak_MEO_kerék;Btn_Jog_Hatarnap_Rogzit;Enabled;true;180;2
Ablak_sérülés;Újat;Enabled;true;92;1
Ablak_sérülés;Rögzítjelentés;Enabled;true;92;1
Ablak_sérülés;Btn_Kép_Hozzáad;Enabled;true;92;2
Ablak_sérülés;Btn_PDF_Hozzáad;Enabled;true;92;2
Ablak_sérülés;Btn_ÁllandóÉrt_Tarifa_Rögzít;Enabled;true;92;3
Ablak_sérülés;Btn_ÁllandóÉrt_Felépít_Rögzít;Enabled;true;92;3
Ablak_sérülés;Visszaállít;Enabled;true;93;1
Ablak_sérülés;Elkészült;Enabled;true;93;2
Ablak_sérülés;SAPBeolvasó;Enabled;true;93;3
Ablak_sérülés;Btn_SAP_Betöltés_Excelbe;Enabled;true;94;1
Ablak_sérülés;Btn_SAP_Feltöltés_Excelből;Enabled;true;94;1
Ablak_sérülés;KépTörlés;Visible;true;94;2
Ablak_sérülés;KépTörlés;Enabled;true;94;2
Ablak_sérülés;PdfTörlés;Enabled;true;94;3
Ablak_sérülés;PdfTörlés;Visible;true;94;3
Ablak_sérülés;KépLementés;Enabled;true;95;1
Ablak_sérülés;CAFRögzít;Enabled;true;95;2
Ablak_sérülés;CafTöröl;Enabled;true;95;2
Ablak_Jármű_takarítás_új;Utolsó_módosít;Enabled;true;181;1
Ablak_Jármű_takarítás_új;Ütem_Rögzítés;Enabled;true;181;1
Ablak_Jármű_takarítás_új;Btn_Vezénylésbeírás;Enabled;true;181;2
Ablak_Jármű_takarítás_új;J1Mentés;Enabled;true;181;3
Ablak_Jármű_takarítás_új;LétszámMentés;Enabled;true;181;3
Ablak_Jármű_takarítás_új;Opció_mentés;Enabled;true;181;3
Ablak_Jármű_takarítás_új;Opció_Töröl;Enabled;true;181;3
Ablak_Jármű_takarítás_új;JK_Mentés;Enabled;true;181;3
Jármű_Takarítás_Ütemezés_Segéd1;Ütem_Rögzít;Enabled;true;181;2
Jármű_Takarítás_Ütemezés_Segéd1;Ütem_Töröl;Enabled;true;181;2
Ablak_TTP;Btn_TTP_Év;Enabled;true;130;1
Ablak_TTP;BtnNaptár;Enabled;true;130;2
Ablak_TTP;BtnAlapadat;Enabled;true;130;3
Ablak_TTP_Történet;Btn_TTP_Rögz;Visible;true;131;1
Ablak_TTP_Történet;BtnPDFFel;Visible;true;131;1
Ablak_Vételezés;BtnSAP;Visible;true;50;1
Ablak_Vételezés;AnyagMódosítás;Visible;true;50;2
Ablak_CAF_Alapadat;Alap_rögzít;Enabled;true;115;1
Ablak_CAF_Alapadat;Kalkulál;Enabled;true;115;3
Ablak_Caf_Lista;Archíválás;Enabled;true;119;1
Ablak_CAF_Részletes;Ütem_Rögzít;Enabled;true;118;1
Ablak_CAF_Segéd;Segéd_átütemez;Enabled;true;117;2
Ablak_CAF_Segéd;Segéd_ütemez;Enabled;true;117;2
Ablak_CAF_Segéd;Segéd_Töröl;Enabled;true;117;2
Ablak_CAF_Segéd;Segéd_Pót_Rögzít;Enabled;true;117;2
Ablak_CAF_Szín;Karb_rögzít;Enabled;true;119;3
Ablak_CAF_Szín;Karb_töröl;Enabled;true;119;3
Ablak_Tulajdonságok_CAF;Előtervet_készít;Enabled;true;116;1
Ablak_Tulajdonságok_CAF;ELő_törlés;Enabled;true;116;2
Ablak_Tulajdonságok_CAF;Elő_ütemez;Enabled;true;116;3
Ablak_Tulajdonságok_CAF;Elő_Lehívás;Enabled;true;117;1
Ablak_Tulajdonságok_CAF;km_modosit_btn;Enabled;true;117;2
Ablak_IcsKcsv;E_rögzít;Enabled;true;113;1
Ablak_IcsKcsv;Utolsó_V_rögzítés;Enabled;true;113;2
Ablak_IcsKcsv;Töröl;Enabled;true;113;2
Ablak_IcsKcsv;SAP_adatok;Enabled;true;113;2
Ablak_IcsKcsv;Btn_Vezénylésbeírás;Enabled;true;113;3
Ablak_ICS_KCSV_segéd;Rögzít_1;Enabled;true;113;3
Ablak_ICS_KCSV_segéd;Töröl_1;Enabled;true;113;3
Ablak_Karbantartási_adatok;Rögzít_Módosít;Enabled;true;99;1
Ablak_Karbantartási_adatok;Rögzít_Módosít;Visible;true;99;1
Karbantartás_Rögzítés;Utolsó_V_rögzítés;Enabled;true;107;1
Karbantartás_Rögzítés;Töröl;Enabled;true;107;1
Karbantartás_Rögzítés;Új_adat;Visible;false;107;1
Karbantartás_Rögzítés;Btn_Követekező_Ciklus;Enabled;true;107;2
Karbantartás_Rögzítés;Btn_SelejtreFutat;Enabled;true;107;2
Karbantartás_Rögzítés;Btn_Biztonsági;Enabled;true;107;2
Karbantartás_Rögzítés;Btn_V1Plusz;Enabled;true;107;2
Karbantartás_Rögzítés;JJavítás;Enabled;true;107;2
Karbantartás_Rögzítés;Vezényel;Enabled;true;107;2
Karbantartás_Rögzítés;Utolsó_V_rögzítés;Enabled;true;109;1
Karbantartás_Rögzítés;Töröl;Enabled;true;109;1
Karbantartás_Rögzítés;Új_adat;Visible;false;109;1
Karbantartás_Rögzítés;Btn_Követekező_Ciklus;Enabled;true;109;2
Karbantartás_Rögzítés;Btn_SelejtreFutat;Enabled;true;109;2
Karbantartás_Rögzítés;Btn_Biztonsági;Enabled;true;109;2
Karbantartás_Rögzítés;Btn_V1Plusz;Enabled;true;109;2
Karbantartás_Rögzítés;JJavítás;Enabled;true;109;2
Karbantartás_Rögzítés;Vezényel;Enabled;true;109;2
Ablak_T5C5_futás;Napadatai;Enabled;true;101;1
Ablak_T5C5_futás;Zserbeolvasás;Enabled;true;101;1
Ablak_T5C5_futás;Zseradategyeztetés;Enabled;true;101;1
Ablak_T5C5_futás;Rögzít;Enabled;true;101;1
Ablak_T5C5_fűtés;Rögzít;Visible;true;177;1
Ablak_T5C5_napütemezés;Btn_Vezénylésbeírás;Enabled;true;102;3
Ablak_T5C5_napütemezés;SAP_adatok;Enabled;true;102;3
Ablak_T5C5_segéd;Rögzít_Nap_1;Visible;true;102;1
Ablak_T5C5_segéd;Rögzít_Nap_2;Visible;true;102;1
Ablak_T5C5_segéd;Rögzít_Nap_3;Visible;true;102;1
Ablak_T5C5_segéd;Rögzít_Nap_4;Visible;true;102;1
Ablak_T5C5_segéd;Rögzít_Nap_5;Visible;true;102;1
Ablak_T5C5_segéd;Rögzít_Nap_6;Visible;true;102;1
Ablak_T5C5_segéd;Töröl_Nap_1;Visible;true;102;2
Ablak_T5C5_segéd;Töröl_Nap_2;Visible;true;102;2
Ablak_T5C5_segéd;Töröl_Nap_3;Visible;true;102;2
Ablak_T5C5_segéd;Töröl_Nap_4;Visible;true;102;2
Ablak_T5C5_segéd;Töröl_Nap_5;Visible;true;102;2
Ablak_T5C5_segéd;Töröl_Nap_6;Visible;true;102;2
Ablak_T5C5_segéd;Ütemez_Nap_1;Visible;true;102;3
Ablak_T5C5_segéd;Ütemez_Nap_2;Visible;true;102;3
Ablak_T5C5_segéd;Ütemez_Nap_3;Visible;true;102;3
Ablak_T5C5_segéd;Ütemez_Nap_4;Visible;true;102;3
Ablak_T5C5_segéd;Ütemez_Nap_5;Visible;true;102;3
Ablak_T5C5_segéd;Ütemez_Nap_6;Visible;true;102;3
Ablak_T5C5_Tulajdonság;Rögzítnap;Enabled;true;106;1
Ablak_T5C5_Tulajdonság;Módosítás;Enabled;true;106;1
Ablak_TW6000_Tulajdonság;Járműadatok_rögzít;Visible;true;110;1
Ablak_TW6000_Tulajdonság;Ütemfrissít;Visible;true;110;2
Ablak_TW6000_Tulajdonság;BtnÜtemÜtemezés;Visible;true;110;3
Ablak_TW6000_Tulajdonság;BtnÜtemTörlés;Visible;true;111;1
Ablak_TW6000_Tulajdonság;Telephely_lap;Visible;true;111;2
Ablak_TW6000_Tulajdonság;BtnSzínező;Visible;true;111;3
Ablak_TW6000_Tulajdonság;BtnÜtemRészTerv;Visible;true;112;1
Ablak_TW6000_Tulajdonság;BtnÜtemRészRögz;Visible;true;112;2
Ablak_TW6000_Tulajdonság;Járműadatok_rögzít;Enabled;false;112;3
Ablak_TW6000_Tulajdonság;Ütemfrissít;Enabled;false;112;3
Ablak_TW6000_Tulajdonság;BtnÜtemÜtemezés;Enabled;false;112;3
Ablak_TW6000_Tulajdonság;BtnÜtemTörlés;Enabled;false;112;3
Ablak_TW6000_Tulajdonság;Telephely_lap;Enabled;false;112;3
Ablak_TW6000_Tulajdonság;BtnSzínező;Enabled;false;112;3
Ablak_TW6000_Tulajdonság;BtnÜtemRészTerv;Enabled;false;112;3
Ablak_TW6000_Tulajdonság;BtnÜtemRészRögz;Enabled;false;112;3
Ablak_Fő_Kiadás_Forte;Töröl;Enabled;true;185;1
Ablak_Fő_Kiadás_Forte;Fortebeolvasás;Enabled;true;185;1
Ablak_Fő_Kiadás_Forte;AdatMásol;Enabled;true;185;1
Ablak_Fő_Kiadás_Forte;MunkaHétvége;Enabled;true;185;1
Ablak_Fő_Napiadatok;Command1;Enabled;true;184;1
Ablak_Fő_Napiadatok;Command4;Enabled;true;184;1
Ablak_Jármű;LÉT_hozzáad;Visible;true;90;1
Ablak_Jármű;TÖR_töröl;Visible;true;90;2
Ablak_Jármű;MÓD_rögzít;Visible;true;90;3
Ablak_Jármű;MÓD_SAP_adatok;Visible;true;90;3
Ablak_Jármű;Állvesz;Visible;true;91;1
Ablak_Jármű;Állkirak;Visible;true;91;2
Ablak_Jármű;PDF_rögzít;Visible;true;91;3
Ablak_Napiadatok;Napiadatok_Frissítése;Visible;true;108;1
Ablak_szerelvény;Egyszerelvényminusz;Enabled;true;100;1
Ablak_szerelvény;Szerelvénytörlés;Enabled;true;100;1
Ablak_szerelvény;Újszerelvény;Enabled;true;100;1
Ablak_szerelvény;Hozzáad;Enabled;true;100;1
Ablak_szerelvény;Előírt_Egyszerelvényminusz;Enabled;true;100;2
Ablak_szerelvény;Előírt_szerelvénytörlés;Enabled;true;100;2
Ablak_szerelvény;Előírt_Újszerelvény;Enabled;true;100;2
Ablak_szerelvény;Előírt_hozzáad;Enabled;true;100;2
Ablak_szerelvény;E2_panel;Visible;true;100;2
Ablak_szerelvény;Utasítás;Enabled;true;100;3
Ablak_szerelvény;E2_Törlés;Enabled;true;100;3
Ablak_Főkönyv;ZSER_módosítás;Visible;true;96;1
Ablak_Főkönyv;ZSER_másol;Visible;true;96;1
Ablak_Főkönyv;R_törlés;Visible;true;96;2
Ablak_Főkönyv;R_rögzít;Visible;true;96;2
Ablak_Főkönyv;Járműpanel_OK;Visible;true;96;3
Ablak_Főkönyv;Takarítás;Visible;true;97;2
Ablak_Főkönyv;Beállólista;Visible;true;97;2
Ablak_Főkönyv;Meghagyás;Visible;true;97;2
Ablak_Főkönyv;Haromnapos;Visible;true;97;2
Ablak_Főkönyv;Főkönyv;Visible;true;97;3
Ablak_Főkönyv;Program_adatok;Visible;true;98;1
Ablak_Főkönyv;Zserbeolvasás;Visible;true;98;2
Ablak_Főkönyv;ZSERellenőrzés;Visible;true;98;3
Ablak_Főkönyv_Napi_Adatok;Adatok_Másolása;Visible;true;96;3
Ablak_kidobó;ForteBetöltés;Visible;true;178;1
Ablak_Menetkimaradás;BtnSap;Enabled;true;20;1
Ablak_Menetkimaradás;Panel1;Visible;true;20;3
Ablak_Menetkimaradás;Panel2;Visible;true;20;3
Ablak_Menetkimaradás;BtnFőmérnükség;Visible;true;20;3
Ablak_Menetkimaradás;Button1;Visible;true;21;1
Ablak_Menetkimaradás;Button4;Enabled;true;21;1
Ablak_Menetkimaradás;Button2;Visible;true;21;2
Ablak_Menetkimaradás;Button4;Enabled;true;21;2
Ablak_Menetkimaradás;Button3;Visible;true;21;3
Ablak_Menetkimaradás;Button4;Enabled;true;21;3
Ablak_állomány;Rögzít;Enabled;true;179;1
Ablak_Behajtási;BtnAdminOkrögzítés;Enabled;true;240;1
Ablak_Behajtási;BtnAdminOkfel;Enabled;true;240;1
Ablak_Behajtási;BtnAdminOkTöröl;Enabled;true;240;1
Ablak_Behajtási;BtnAdminRögz;Enabled;true;240;3
Ablak_Behajtási;BtnAdminÚjEngedély;Enabled;true;240;3
Ablak_Behajtási;BtnDolgozóilsta;Enabled;true;241;1
Ablak_Behajtási;BtnGondnokSave;Enabled;true;242;1
Ablak_Behajtási;BtnSzakszeng;Enabled;true;242;2
Ablak_Behajtási;BtnEngedélySzakBírál;Enabled;true;242;2
Ablak_Behajtási;Elutasít_gomb;Enabled;true;242;2
Ablak_Behajtási;BtnÚjEngedély;Enabled;true;243;1
Ablak_Behajtási;BtnKérelemPDF;Enabled;true;243;2
Ablak_Behajtási;BtnkérelemRögzítés;Enabled;true;243;3
Ablak_Behajtási;BtnEngedélyListaGondnokEmail;Enabled;true;244;1
Ablak_Behajtási;BtnEngedélyListaSzakEmail;Enabled;true;244;1
Ablak_Behajtási;BtnEngedélyListaEngedélyNyomtat;Enabled;true;244;2
Ablak_Behajtási;BtnEngedélyListaÁtvételNyomtat;Enabled;true;244;3
Ablak_Behajtási;BtnEngedélyListaÁtvételKüld;Enabled;true;245;1
Ablak_Behajtási;BtnEngedélyListaÁtvételMegtörtént;Enabled;true;245;2
Ablak_Behajtási;BtnEngedélyListaTörlés;Enabled;true;245;3
Ablak_Eszköz;SAP_adatok;Visible;true;228;1
Ablak_Eszköz;Át_Tölt;Visible;true;228;2
Ablak_Szerszám;Alap_Rögzít;Enabled;true;229;1
Ablak_Szerszám;KépTörlés;Enabled;true;229;1
Ablak_Szerszám;Kép_rögzít;Enabled;true;229;1
Ablak_Szerszám;Könyv_Rögzít;Enabled;true;229;2
Ablak_Szerszám;Rögzít;Enabled;true;229;3
Ablak_külső;Autó_ok;Enabled;true;247;1
Ablak_külső;Autó_töröl;Enabled;true;247;1
Ablak_külső;Autó_beolvas;Enabled;true;247;1
Ablak_külső;Dolg_Rögzít;Enabled;true;247;2
Ablak_külső;Dolgozó_töröl;Enabled;true;247;2
Ablak_külső;Dolgozó_beolvas;Enabled;true;247;2
Ablak_külső;Telephely_rögzít;Enabled;true;248;1
Ablak_külső;Alap_Rögzít;Enabled;true;248;2
Ablak_külső;Cégek_engedélyezésre;Enabled;true;248;3
Ablak_külső;BtnSzakszeng;Enabled;true;249;1
Ablak_külső;Email_rögzít;Enabled;true;249;1
Ablak_külső;Engedély_elutasítás;Enabled;true;249;2
Ablak_külső;Engedély_visszavonás;Enabled;true;249;3
Ablak_Rezsi;Rögzítteljes;Enabled;true;220;1
Ablak_Rezsi;Tárolásihelyrögzítés;Enabled;true;220;2
Ablak_Rezsi;KépHozzáad;Enabled;true;220;3
Ablak_Rezsi;BeRögzít;Enabled;true;221;1
Ablak_Rezsi;Kirögzít;Enabled;true;221;2
Ablak_Védő;Alap_Rögzít;Enabled;true;237;1
Ablak_Védő;Könyv_Rögzít;Enabled;true;237;2
Ablak_Védő;Rögzít;Enabled;true;237;3
Ablak_Épülettakarítás;Nyitva;Enabled;true;234;1
Ablak_Épülettakarítás;Zárva;Enabled;true;234;1
Ablak_Épülettakarítás;Terv_Rögzítés;Enabled;true;234;1
Ablak_Épülettakarítás;Mentés;Enabled;true;234;2
Ablak_Épülettakarítás;Zárva1;Enabled;true;234;2
Ablak_Épülettakarítás;Nyitva1;Enabled;true;234;2
Ablak_Épülettakarítás;Alap_Rögzít;Enabled;true;234;3
Ablak_Épülettakarítás_alap;Osztály_rögzít;Enabled;true;235;1
Ablak_Épülettakarítás_alap;Osztály_törlés;Enabled;true;235;1
Ablak_Épülettakarítás_alap;Osztály_feljebb;Enabled;true;235;1
Ablak_Épülettakarítás_alap;Adatok_beolvasása;Enabled;true;235;1
Ablak_Épülettakarítás_alap;Opció_OK;Enabled;true;235;1
Ablak_Épülettakarítás_alap;Helység_feljebb;Enabled;true;235;2
Ablak_Épülettakarítás_alap;Részletes_Kuka;Enabled;true;235;3
Ablak_Épülettakarítás_alap;Részletes_feljebb;Enabled;true;235;3
Ablak_Épülettakarítás_alap;Részletes_rögzít;Enabled;true;235;3
